document_id,data_citation_label,type,pages
10.1002_2017jc013030,https://doi.org/10.17882/49388,Primary,[17]
10.1002_ece3.4466,https://doi.org/10.5061/dryad.r6nq870,Primary,[6]
10.1002_ece3.5260,https://doi.org/10.5061/dryad.2f62927,Primary,[14]
10.1002_ece3.6144,https://doi.org/10.5061/dryad.zw3r22854,Primary,[12]
10.1002_ece3.6303,https://doi.org/10.5061/dryad.37pvmcvgb,Primary,[12]
10.1002_ece3.9627,https://doi.org/10.5061/dryad.b8gtht7h3,Primary,[13]
10.1002_ecs2.1280,https://doi.org/10.5061/dryad.p3fg9,Primary,[17]
10.1002_ecs2.4619,https://doi.org/10.25349/d9qw5x,Primary,[11 13]
10.1002_esp.5058,https://doi.org/10.5061/dryad.jh9w0vt9t,Primary,[12]
10.1002_esp.5090,https://doi.org/10.5066/p9353101,Secondary,[6]
10.1002_mp.14424,https://doi.org/10.7937/k9/tcia.2015.pf0m9rei,Secondary,[11]
10.1002_mp.14424,https://doi.org/10.7937/tcia.2020.6c7y-gq39,Primary,[ 1  8 10 12]
10.1002_nafm.10870,https://doi.org/10.5066/p9gtumay,Primary,[12]
10.1007_s00259-022-06053-8,https://doi.org/10.7937/k9/tcia.2017.7hs46erv,Secondary,[15]
10.1007_s00259-022-06053-8,https://doi.org/10.7937/tcia.2019.30ilqfcl,Secondary,[15]
10.1007_s00382-022-06361-7,https://doi.org/10.6075/j0154fjj,Primary,[ 5 18 19]
10.1007_s00382-022-06361-7,https://doi.org/10.6075/j089161b,Primary,[ 5 18 19]
10.1007_s00442-022-05201-z,https://doi.org/10.5061/dryad.wpzgmsbps,Primary,[9]
10.1007_s12559-020-09751-3,https://doi.org/10.7937/k9/tcia.2015.u1x8a5nr,Secondary,[12]
10.1016_j.ast.2022.107401,https://doi.org/10.17862/cranfield.rd.19146182,Primary,[1 6]
10.1016_j.ast.2022.107401,https://doi.org/10.17862/cranfield.rd.19146182.v1,Primary,[1 6]
10.1016_j.dib.2022.108797,https://doi.org/10.1594/pangaea.949117,Primary,[ 2 11]
10.1016_j.dib.2023.109949,https://doi.org/10.5281/zenodo.8338991,Primary,[2]
10.1016_j.ecolind.2021.107934,https://doi.org/10.6073/pasta/be42bb841e696b7bcad9957aed33db5e,Secondary,[12]
10.1016_j.fuel.2022.125768,https://doi.org/10.11583/dtu.20555586,Primary,[2 9]
10.1016_j.fuel.2022.125768,https://doi.org/10.11583/dtu.20555586.v3,Primary,[9]
10.1016_j.jlp.2022.104761,https://doi.org/10.23642/usn.15134442,Primary,[14]
10.1016_j.jlp.2022.104761,https://doi.org/10.23642/usn.15134442.v1,Primary,[14]
10.1016_j.jobe.2023.107105,https://doi.org/10.5281/zenodo.8014150,Primary,[ 2 12]
10.1016_j.jsames.2022.103824,https://doi.org/10.5066/f7k072r7,Primary,[7]
10.1016_j.molcel.2018.11.006,https://doi.org/10.17632/jb4jjxsbb7.1,Primary,[21]
10.1016_j.molcel.2018.11.006,https://doi.org/10.17632/xtb4mkvf8f.1,Primary,[21]
10.1016_j.scitotenv.2024.171850,https://doi.org/10.17863/cam.107163,Primary,[13]
10.1016_j.websem.2024.100815,https://doi.org/10.17863/cam.82548,Primary,[13 14]
10.1017_rdc.2022.19,https://doi.org/10.11588/data/10100,Secondary,[11]
10.1017_s0007123423000601,https://doi.org/10.7910/dvn/fwckse,Primary,[20 21]
10.1021_acscentsci.1c01109,https://doi.org/10.21942/uva.17040392,Primary,[6]
10.1021_acsomega.3c06074,5VA1,Secondary,[ 6  7 21]
10.1021_acsomega.3c06074,CHEMBL1097,Secondary,[19]
10.1021_acsomega.3c06074,CHEMBL1257578,Secondary,[13 19 25]
10.1021_acsomega.3c06074,CHEMBL1257821,Secondary,[11 12 19]
10.1021_acsomega.3c06074,CHEMBL1782574,Secondary,[19 21 24]
10.1021_acsomega.3c06074,CHEMBL195180,Secondary,[19]
10.1021_acsomega.3c06074,CHEMBL2424928,Secondary,[19]
10.1021_acsomega.3c06074,CHEMBL3422978,Secondary,[19]
10.1021_acsomega.3c06074,CHEMBL390649,Secondary,[19]
10.1021_acsomega.3c06074,CHEMBL572163,Secondary,[19]
10.1021_acsomega.3c06074,CHEMBL70,Secondary,[11 12 19]
10.1021_jacs.2c06519,https://doi.org/10.25377/sussex.21184705,Primary,[4]
10.1021_jacs.2c06519,https://doi.org/10.25377/sussex.21184705.v1,Primary,[4]
10.1029_2018gl078007,https://doi.org/10.5061/dryad.886pr72,Primary,[8]
10.1029_2019jg005297,https://doi.org/10.5061/dryad.pp045j3,Primary,[12]
10.1029_2019jg005297,https://doi.org/10.5066/f78s4n1v,Secondary,[14]
10.1029_2019pa003774,https://doi.org/10.3334/cdiac/otg.ndp093_glodapv2,Secondary,[17]
10.1029_2020jf005675,https://doi.org/10.5066/p9bu8faq,Primary,[15]
10.1029_2021ea001703,https://doi.org/10.13020/jjdx-1m95,Secondary,[17]
10.1029_2021gl096173,https://doi.org/10.25326/09,Secondary,[10]
10.1029_2021pa004379,https://doi.org/10.25921/dt5g-my32,Primary,[11]
10.1029_2023ea002840,https://doi.org/10.1594/pangaea.964081,Primary,[13]
10.1029_2023ea002840,https://doi.org/10.1594/pangaea.964085,Primary,[13 14]
10.1029_2023wr035126,https://doi.org/10.6073/pasta/bb935444378d112d9189556fd22a441d,Secondary,[17]
10.1038_hdy.2013.74,https://doi.org/10.5061/dryad.75030,Primary,[6]
10.1038_hdy.2014.75,https://doi.org/10.5061/dryad.1p80f,Primary,[9]
10.1038_hdy.2015.99,https://doi.org/10.5061/dryad.f47f6,Primary,[8]
10.1038_s41396-020-00885-8,IPR000884,Secondary,[6]
10.1038_s41396-020-00885-8,IPR001124,Secondary,[6]
10.1038_s41396-020-00885-8,IPR001577,Secondary,[6]
10.1038_s41396-020-00885-8,IPR002477,Secondary,[6]
10.1038_s41396-020-00885-8,IPR002889,Secondary,[6]
10.1038_s41396-020-00885-8,IPR004007,Secondary,[6]
10.1038_s41396-020-00885-8,IPR004302,Secondary,[6]
10.1038_s41396-020-00885-8,IPR004785,Secondary,[6]
10.1038_s41396-020-00885-8,IPR004911,Secondary,[6]
10.1038_s41396-020-00885-8,IPR004963,Secondary,[6]
10.1038_s41396-020-00885-8,IPR004981,Secondary,[6]
10.1038_s41396-020-00885-8,IPR005524,Secondary,[6]
10.1038_s41396-020-00885-8,IPR006201,Secondary,[6]
10.1038_s41396-020-00885-8,IPR008139,Secondary,[6]
10.1038_s41396-020-00885-8,IPR009613,Secondary,[6]
10.1038_s41396-020-00885-8,IPR011040,Secondary,[6]
10.1038_s41396-020-00885-8,IPR011124,Secondary,[6]
10.1038_s41396-020-00885-8,IPR012338,Secondary,[6]
10.1038_s41396-020-00885-8,IPR016201,Secondary,[6]
10.1038_s41396-020-00885-8,IPR017920,Secondary,[6]
10.1038_s41396-020-00885-8,IPR021345,Secondary,[6]
10.1038_s41396-020-00885-8,IPR028730,Secondary,[6]
10.1038_s41396-020-00885-8,IPR029723,Secondary,[6]
10.1038_s41396-020-00885-8,IPR029787,Secondary,[6]
10.1038_s41396-020-00885-8,IPR033396,Secondary,[6]
10.1038_s41396-020-00885-8,IPR036452,Secondary,[6]
10.1038_s41396-020-00885-8,PF00348,Secondary,[4]
10.1038_s41396-020-00885-8,PF00484,Secondary,[4]
10.1038_s41396-020-00885-8,PF01493,Secondary,[4]
10.1038_s41396-020-00885-8,PF05834,Secondary,[4]
10.1038_s41396-020-00885-8,PF15461,Secondary,[4]
10.1038_s41437-020-0318-8,https://doi.org/10.5061/dryad.rxwdbrv58,Primary,[8]
10.1038_s41467-018-04041-x,https://doi.org/10.1594/pangaea.876062,Primary,[10]
10.1038_s41467-018-07681-1,https://doi.org/10.5281/zenodo.1472500,Primary,[7]
10.1038_s41562-021-01247-w,https://doi.org/10.34973/983b-a047,Primary,[10 23]
10.1038_s41597-019-0101-y,GSE130386,Primary,[3 6]
10.1038_s41597-019-0101-y,SRP184152,Primary,[3 6]
10.1038_s41597-022-01555-4,https://doi.org/10.7937/k9/tcia.2016.hdhpgjlk,Secondary,[6]
10.1038_s41597-022-01555-4,https://doi.org/10.7937/q1ee-j082,Secondary,[6]
10.1038_s41597-022-01555-4,https://doi.org/10.7937/tcia.e3sv-re93,Secondary,[6]
10.1038_s41597-022-01555-4,https://doi.org/10.7937/tcia.xc7a-qt20,Primary,[3 4 7]
10.1038_s41597-023-02280-2,EMPIAR-10005,Secondary,[4]
10.1038_s41597-023-02280-2,EMPIAR-10017,Secondary,[ 4 11 15]
10.1038_s41597-023-02280-2,EMPIAR-10028,Secondary,[15]
10.1038_s41597-023-02280-2,EMPIAR-10081,Secondary,[15 16]
10.1038_s41597-023-02280-2,EMPIAR-10093,Secondary,[4]
10.1038_s41597-023-02280-2,EMPIAR-10345,Secondary,[16 17 18 19 20]
10.1038_s41597-023-02280-2,EMPIAR-10387,Secondary,[4]
10.1038_s41597-023-02280-2,EMPIAR-10406,Secondary,[17 18 19 20]
10.1038_s41597-023-02280-2,EMPIAR-10532,Secondary,[4]
10.1038_s41597-023-02280-2,EMPIAR-10590,Secondary,[ 4 14]
10.1038_s41597-023-02280-2,EMPIAR-10852,Secondary,[4]
10.1038_s41597-023-02280-2,EMPIAR-11057,Secondary,[4]
10.1038_s41598-020-59839-x,ENSBTAG00000011038,Secondary,[10]
10.1038_s41598-020-59839-x,ENSBTAG00000013718,Secondary,[10]
10.1038_s41598-020-59839-x,ENSBTAG00000017121,Secondary,[10]
10.1038_s41598-020-59839-x,ENSBTAG00000017131,Secondary,[10]
10.1038_s41598-020-59839-x,ENSBTAG00000021275,Secondary,[10]
10.1038_s41598-020-59839-x,ENSBTAG00000047833,Secondary,[10]
10.1038_s41598-020-59839-x,ENSOARG00000003950,Secondary,[ 8 10]
10.1038_s41598-020-59839-x,ENSOARG00000012128,Secondary,[ 8 10]
10.1038_s41598-020-59839-x,ENSOARG00000012835,Secondary,[ 8 10]
10.1038_s41598-020-59839-x,ENSOARG00000013782,Secondary,[ 8 10]
10.1038_s41598-020-59839-x,ENSOARG00000013966,Secondary,[ 8 10]
10.1038_s41598-020-59839-x,ENSOARG00000014129,Secondary,[ 8 10]
10.1038_s41598-020-59839-x,IPR000264,Secondary,[8]
10.1038_s41598-020-59839-x,IPR002172,Secondary,[8]
10.1038_s41598-020-59839-x,IPR014760,Secondary,[8]
10.1038_s41598-020-59839-x,IPR020857,Secondary,[8]
10.1038_s41598-020-59839-x,IPR020858,Secondary,[8]
10.1038_s41598-020-59839-x,IPR021177,Secondary,[8]
10.1038_s41598-020-59839-x,IPR023415,Secondary,[8]
10.1038_s41598-020-59839-x,NM_001078656,Secondary,[10]
10.1038_s41598-021-85671-y,https://doi.org/10.7937/k9/tcia.2017.8oje5q00,Secondary,[10]
10.1038_s41598-021-85671-y,https://doi.org/10.7937/tcia.2019.8dho2gls,Secondary,[10 11]
10.1038_s41598-021-85671-y,https://doi.org/10.7937/tcia.2019.8kap372n,Secondary,[10 11]
10.1038_s41598-024-56373-y,BX119912,Secondary,[4]
10.1038_s41598-024-56373-y,CP001848,Secondary,[4]
10.1038_s41598-024-56373-y,CP130886,Secondary,[ 3 12]
10.1038_s41598-024-56373-y,STH00996,Secondary,[ 1 11]
10.1038_sdata.2017.167,https://doi.org/10.5061/dryad.sm847,Primary,[10]
10.1039_d1ee03696c,https://doi.org/10.3334/cdiac/00001_v2017,Secondary,[8]
10.1039_d2cc00847e,https://doi.org/10.5281/zenodo.6010342,Primary,[4]
10.1073_pnas.1323607111,https://doi.org/10.5061/dryad.v2t58,Primary,[1]
10.1073_pnas.1705601114,https://doi.org/10.5061/dryad.7248c,Primary,[1]
10.1073_pnas.1711872115,https://doi.org/10.5281/zenodo.1135372,Primary,[1 9]
10.1073_pnas.1915395117,https://doi.org/10.6073/pasta/1a5760c3146c574c98db854ad6d3addc,Primary,[8]
10.1073_pnas.1915395117,https://doi.org/10.6073/pasta/57108aaeede00e77cac110bc5366a92b,Primary,[2 8]
10.1073_pnas.1915395117,https://doi.org/10.6073/pasta/721fdcde85b630d1b4548b677d9b1d86,Primary,[8]
10.1073_pnas.2306723120,https://doi.org/10.15468/dl.a2a348,Primary,[8]
10.1073_pnas.2306723120,https://doi.org/10.15468/dl.k8zeq6,Primary,[8]
10.1080_19475683.2023.2226196,https://doi.org/10.15468/dl.2a5f6c,Secondary,[15]
10.1080_19475683.2023.2226196,https://doi.org/10.15468/dl.6qzmh7,Secondary,[15]
10.1080_19475683.2023.2226196,https://doi.org/10.15468/dl.92jj3s,Secondary,[14]
10.1080_19475683.2023.2226196,https://doi.org/10.15468/dl.ah5fq7,Secondary,[15]
10.1080_19475683.2023.2226196,https://doi.org/10.15468/dl.be7krr,Secondary,[14]
10.1080_19475683.2023.2226196,https://doi.org/10.15468/dl.cb2hsf,Secondary,[14]
10.1080_19475683.2023.2226196,https://doi.org/10.15468/dl.dcatgu,Secondary,[15]
10.1080_19475683.2023.2226196,https://doi.org/10.15468/dl.gtnw2a,Secondary,[15]
10.1080_19475683.2023.2226196,https://doi.org/10.15468/dl.nvnscr,Secondary,[15]
10.1080_19475683.2023.2226196,https://doi.org/10.15468/dl.qgemaq,Secondary,[15]
10.1080_19475683.2023.2226196,https://doi.org/10.15468/dl.qm4v2t,Secondary,[14]
10.1080_19475683.2023.2226196,https://doi.org/10.15468/dl.sz5x6g,Secondary,[15]
10.1080_19475683.2023.2226196,https://doi.org/10.15468/dl.txwcpa,Secondary,[15]
10.1080_19475683.2023.2226196,https://doi.org/10.15468/dl.ucepps,Secondary,[15]
10.1080_19475683.2023.2226196,https://doi.org/10.15468/dl.waw9qx,Secondary,[15]
10.1080_19475683.2023.2226196,https://doi.org/10.15468/dl.yc59mu,Secondary,[15]
10.1080_19475683.2023.2226196,https://doi.org/10.15468/dl.zrhwa2,Secondary,[15]
10.1093_beheco_arad016,https://doi.org/10.5061/dryad.rxwdbrvdc,Primary,[8]
10.1093_beheco_arw167,https://doi.org/10.5061/dryad.12np0,Primary,[10]
10.1093_beheco_arz101,https://doi.org/10.5061/dryad.4dj6042,Primary,[9]
10.1093_bib_bbab395,https://doi.org/10.5281/zenodo.4923158,Primary,[8]
10.1093_evolut_qpad206,https://doi.org/10.5061/dryad.d2547d87h,Primary,[14]
10.1093_nar_gkp1049,3.10.180.10,Secondary,[5]
10.1093_nar_gkp1049,3.20.20.120,Secondary,[5]
10.1093_nar_gkp1049,3.20.20.140,Secondary,[ 5  6  7 14]
10.1093_nar_gkp1049,3.30.450.20,Secondary,[ 6 14]
10.1093_nar_gkp1049,3.30.450.40,Secondary,[ 6 14]
10.1093_nar_gkp1049,3.30.930.10,Secondary,[ 6 14 15]
10.1093_nar_gkp1049,3.40.30.10,Secondary,[ 6 14]
10.1093_nar_gkp1049,3.40.50.1000,Secondary,[ 5  6  7 14]
10.1093_nar_gkp1049,3.40.50.1820,Secondary,[ 6 14]
10.1093_nar_gkp1049,3.40.50.620,Secondary,[ 6 14]
10.1093_nar_gkp1049,3.40.630.30,Secondary,[ 6 14]
10.1093_nar_gkp1049,3.90.1200.10,Secondary,[ 6 14]
10.1093_nar_gkp1049,3.90.226.10,Secondary,[ 5  6  7 14]
10.1093_nar_gkp1049,3.90.228.10,Secondary,[14]
10.1093_nar_gkp1049,PF00106,Secondary,[6]
10.1093_nar_gkp1049,PF03372,Secondary,[11]
10.1093_sysbio_syy011,https://doi.org/10.5061/dryad.739bs,Primary,[ 3 15]
10.1098_rsbl.2015.0113,https://doi.org/10.5061/dryad.1h7p0,Primary,[3]
10.1098_rsos.160417,https://doi.org/10.5061/dryad.2bs69,Primary,[16 17]
10.1098_rsos.170796,https://doi.org/10.5061/dryad.2g5f9,Primary,[10 12]
10.1098_rsos.190841,https://doi.org/10.5061/dryad.3b65k44,Primary,[6 7]
10.1098_rsos.210982,https://doi.org/10.5061/dryad.fxpnvx0pn,Primary,[8 9]
10.1098_rspb.2015.0371,https://doi.org/10.5061/dryad.kh7nt,Primary,[7]
10.1098_rspb.2015.1498,https://doi.org/10.5061/dryad.rj7g1,Primary,[8]
10.1098_rspb.2015.2726,https://doi.org/10.5061/dryad.2fp25,Primary,[5]
10.1098_rspb.2015.2764,https://doi.org/10.5061/dryad.447sq,Primary,[7]
10.1101_096297,https://doi.org/10.5281/zenodo.817658,Primary,[38]
10.1101_2022.02.10.480011,https://doi.org/10.15482/usda.adc/1524676,Primary,[10]
10.1101_2022.07.21.501061,https://doi.org/10.15468/dl.354f8k,Primary,[24]
10.1101_2022.07.21.501061,https://doi.org/10.15468/dl.nbku3v,Primary,[24]
10.1101_2022.07.21.501061,https://doi.org/10.15468/dl.pdjqte,Primary,[24]
10.1101_2022.07.21.501061,https://doi.org/10.15468/dl.uejpg6,Primary,[24]
10.1103_physrevresearch.4.023008,https://doi.org/10.5291/ill-data.5-31-2380,Primary,[14]
10.1107_s2059798322005691,https://doi.org/10.18150/6oxplo,Primary,[ 5 15]
10.1107_s2059798322005691,https://doi.org/10.18150/lienz5,Primary,[ 5 15]
10.1107_s2059798322005691,https://doi.org/10.18150/r8vj7v,Primary,[ 5 15]
10.1107_s2059798322005691,https://doi.org/10.18150/vaojlj,Primary,[ 5 15]
10.1107_s2059798322005691,https://doi.org/10.18150/vazz2f,Primary,[ 5 15]
10.1107_s2059798322005691,https://doi.org/10.18150/wefsc9,Primary,[ 5 15]
10.1107_s2059798322005691,https://doi.org/10.18150/xsexuf,Primary,[ 5 15]
10.1109_access.2024.3385658,https://doi.org/10.5281/zenodo.10908593,Primary,[20]
10.1111_1365-2435.13087,https://doi.org/10.5061/dryad.hs20gv7,Primary,[11 12]
10.1111_1365-2435.13431,https://doi.org/10.5061/dryad.d84hg87,Primary,[11 12]
10.1111_1365-2435.13569,https://doi.org/10.5061/dryad.9s4mw6mbw,Primary,[7]
10.1111_1365-2656.12382,https://doi.org/10.5061/dryad.r390f,Primary,[5 6]
10.1111_1365-2656.12491,https://doi.org/10.5061/dryad.h5j86,Primary,[ 9 10]
10.1111_1365-2656.12501,https://doi.org/10.5061/dryad.m02hm,Primary,[7 8]
10.1111_1365-2664.13128,https://doi.org/10.5061/dryad.n3k9f,Primary,[10 11]
10.1111_1365-2664.13136,https://doi.org/10.5061/dryad.bn7p2f5,Primary,[ 8 10]
10.1111_1365-2664.13168,https://doi.org/10.5061/dryad.j8cm402,Primary,[ 9 10]
10.1111_1365-2664.13446,https://doi.org/10.5061/dryad.6d66b49,Primary,[10 11]
10.1111_1365-2745.13449,https://doi.org/10.5061/dryad.r7sqv9s8n,Primary,[11 12]
10.1111_2041-210x.12453,https://doi.org/10.5061/dryad.h4f7p,Primary,[10]
10.1111_2041-210x.13817,https://doi.org/10.5061/dryad.fn2z34tw7,Primary,[ 9 10]
10.1111_acel.13089,rs33912345,Primary,[12]
10.1111_cas.12935,CAB004592,Secondary,[4]
10.1111_cas.12935,CAB010055,Secondary,[4]
10.1111_cas.12935,HPA001426,Secondary,[4]
10.1111_cas.12935,HPA001522,Secondary,[4]
10.1111_cas.12935,HPA001612,Secondary,[4]
10.1111_cas.12935,HPA003156,Secondary,[4]
10.1111_cas.12935,HPA003927,Secondary,[4]
10.1111_cas.12935,HPA007450,Secondary,[4]
10.1111_cas.12935,HPA008063,Secondary,[4]
10.1111_cas.12935,HPA030827,Secondary,[4]
10.1111_cas.12935,HPA042865,Secondary,[4]
10.1111_cas.12935,O75787,Secondary,[4]
10.1111_cas.12935,P17900,Secondary,[4]
10.1111_cas.12935,P21741,Secondary,[4]
10.1111_cas.12935,P23142,Secondary,[4]
10.1111_cas.12935,P24593,Secondary,[4]
10.1111_cas.12935,P24821,Secondary,[4]
10.1111_cas.12935,P51884,Secondary,[4]
10.1111_cas.12935,P53004,Secondary,[4]
10.1111_cas.12935,Q08629,Secondary,[4]
10.1111_cas.12935,Q12907,Secondary,[4]
10.1111_cas.12935,Q96AG4,Secondary,[4]
10.1111_cas.12935,Q99538,Secondary,[4]
10.1111_ejn.13855,https://doi.org/10.5281/zenodo.1158410,Primary,[9]
10.1111_eva.12151,https://doi.org/10.5061/dryad.3978f,Primary,[14]
10.1111_eva.12446,https://doi.org/10.5061/dryad.7g2c9,Primary,[14]
10.1111_eva.12768,https://doi.org/10.5061/dryad.rf79641,Primary,[12]
10.1111_evo.13972,https://doi.org/10.5061/dryad.3xsj3txbz,Primary,[ 1 33]
10.1111_gcb.13914,https://doi.org/10.15131/shef.data.5414629,Primary,[10]
10.1111_ggr.12517,https://doi.org/10.5281/zenodo.7804445,Primary,[17]
10.1111_mec.16743,https://doi.org/10.5061/dryad.g1jwstqsg,Primary,[10]
10.1111_mec.16743,https://doi.org/10.5066/p93r9uel,Secondary,[11]
10.1111_mec.16977,https://doi.org/10.5061/dryad.4mw6m90cz,Primary,[12]
10.1111_njb.02077,https://doi.org/10.5061/dryad.2gh0ht2,Primary,[ 4 11]
10.1128_JVI.01717-21,EPI_ISL_291131,Primary,[8]
10.1128_JVI.01717-21,EPI_ISL_293286,Primary,[8]
10.1128_JVI.01717-21,EPI_ISL_293287,Primary,[8]
10.1128_JVI.01717-21,EPI_ISL_293288,Primary,[8]
10.1128_JVI.01717-21,EPI_ISL_293289,Primary,[8]
10.1128_JVI.01717-21,EPI_ISL_293290,Primary,[8]
10.1128_JVI.01717-21,EPI_ISL_293291,Primary,[8]
10.1128_JVI.01717-21,EPI_ISL_332358,Primary,[8]
10.1128_JVI.01717-21,EPI_ISL_332395,Primary,[8]
10.1128_JVI.01717-21,EPI_ISL_332396,Primary,[8]
10.1128_JVI.01717-21,EPI_ISL_332399,Primary,[8]
10.1128_JVI.01717-21,EPI_ISL_332401,Primary,[8]
10.1128_JVI.01717-21,EPI_ISL_376123,Primary,[8]
10.1128_JVI.01717-21,EPI_ISL_445001,Primary,[ 3  8 12]
10.1128_JVI.01717-21,EPI_ISL_445002,Primary,[3]
10.1128_JVI.01717-21,EPI_ISL_445051,Primary,[3]
10.1128_JVI.01717-21,EPI_ISL_445052,Primary,[3]
10.1128_JVI.01717-21,EPI_ISL_445089,Primary,[3]
10.1128_JVI.01717-21,EPI_ISL_445090,Primary,[3]
10.1128_JVI.01717-21,EPI_ISL_445091,Primary,[3]
10.1128_JVI.01717-21,EPI_ISL_445092,Primary,[3]
10.1128_JVI.01717-21,EPI_ISL_445093,Primary,[ 3  8 12]
10.1128_spectrum.00422-24,K02388,Secondary,[4]
10.1128_spectrum.00422-24,K02389,Secondary,[4]
10.1128_spectrum.00422-24,K02390,Secondary,[4]
10.1128_spectrum.00422-24,K02391,Secondary,[4]
10.1128_spectrum.00422-24,K02396,Secondary,[4]
10.1128_spectrum.00422-24,K02397,Secondary,[4]
10.1128_spectrum.00422-24,K02398,Secondary,[5]
10.1128_spectrum.00422-24,K02400,Secondary,[4]
10.1128_spectrum.00422-24,K02401,Secondary,[4]
10.1128_spectrum.00422-24,K02404,Secondary,[5]
10.1128_spectrum.00422-24,K02405,Secondary,[4]
10.1128_spectrum.00422-24,K02407,Secondary,[4]
10.1128_spectrum.00422-24,K02409,Secondary,[4]
10.1128_spectrum.00422-24,K02410,Secondary,[4]
10.1128_spectrum.00422-24,K02412,Secondary,[4]
10.1128_spectrum.00422-24,K02413,Secondary,[4]
10.1128_spectrum.00422-24,K02414,Secondary,[4]
10.1128_spectrum.00422-24,K02417,Secondary,[4]
10.1128_spectrum.00422-24,K02418,Secondary,[4]
10.1128_spectrum.00422-24,K02422,Secondary,[4]
10.1128_spectrum.00422-24,PF00248,Secondary,[16]
10.1128_spectrum.00422-24,PF00356,Secondary,[16]
10.1128_spectrum.00422-24,PF01052,Secondary,[9]
10.1128_spectrum.00422-24,PF02154,Secondary,[9]
10.1128_spectrum.00422-24,PF03748,Secondary,[9]
10.1128_spectrum.00422-24,PF03963,Secondary,[9]
10.1128_spectrum.00422-24,PF04347,Secondary,[9]
10.1128_spectrum.00422-24,PF04509,Secondary,[4 9]
10.1128_spectrum.00422-24,PF13377,Secondary,[16]
10.1130_ges01387.1,https://doi.org/10.5066/f7qn64xq,Secondary,[35]
10.1136_jitc-2021-003114,CVCL_0213,Secondary,[2]
10.1136_jitc-2021-003114,CVCL_0395,Secondary,[2]
10.1136_jitc-2021-003114,CVCL_0530,Secondary,[2]
10.1136_jitc-2021-003114,CVCL_0627,Secondary,[2]
10.1136_jitc-2021-003114,CVCL_1916,Secondary,[2]
10.1136_jitc-2021-003114,CVCL_1917,Secondary,[2]
10.1136_jitc-2021-003114,CVCL_1918,Secondary,[2]
10.1136_jitc-2021-003114,CVCL_1919,Secondary,[2]
10.1136_jitc-2021-003114,CVCL_2213,Secondary,[2]
10.1136_jitc-2021-003114,CVCL_2235,Secondary,[2]
10.1136_jitc-2021-003114,CVCL_3967,Secondary,[2]
10.1136_jitc-2021-003114,CVCL_6245,Secondary,[2]
10.1136_jitc-2021-003114,CVCL_7151,Secondary,[2]
10.1136_jitc-2021-003114,CVCL_D615,Secondary,[2]
10.1136_jitc-2021-003114,CVCL_KS61,Secondary,[2]
10.1145_3461702.3462538,https://doi.org/10.3886/icpsr25104.v1,Secondary,[10]
10.1145_3461702.3462538,https://doi.org/10.3886/icpsr27646.v1,Secondary,[10]
10.1145_3461702.3462538,https://doi.org/10.3886/icpsr30765.v1,Secondary,[10]
10.1145_3461702.3462538,https://doi.org/10.3886/icpsr30770.v1,Secondary,[10]
10.1145_3461702.3462538,https://doi.org/10.3886/icpsr33525.v1,Secondary,[10]
10.1145_3461702.3462538,https://doi.org/10.3886/icpsr33530.v1,Secondary,[10]
10.1145_3461702.3462538,https://doi.org/10.3886/icpsr34584.v1,Secondary,[10]
10.1145_3461702.3462538,https://doi.org/10.3886/icpsr34585.v1,Secondary,[10]
10.1145_3461702.3462538,https://doi.org/10.3886/icpsr35020.v1,Secondary,[10]
10.1145_3461702.3462538,https://doi.org/10.3886/icpsr35035.v1,Secondary,[10]
10.1145_3461702.3462538,https://doi.org/10.3886/icpsr36119.v1,Secondary,[10]
10.1145_3461702.3462538,https://doi.org/10.3886/icpsr36120.v2,Secondary,[10]
10.1145_3461702.3462538,https://doi.org/10.3886/icpsr36395.v1,Secondary,[10]
10.1145_3461702.3462538,https://doi.org/10.3886/icpsr36398.v1,Secondary,[10]
10.1145_3461702.3462538,https://doi.org/10.3886/icpsr36791.v1,Secondary,[10]
10.1145_3461702.3462538,https://doi.org/10.3886/icpsr36795.v1,Secondary,[10]
10.1145_3461702.3462538,https://doi.org/10.3886/icpsr37062.v1,Secondary,[10]
10.1145_3461702.3462538,https://doi.org/10.3886/icpsr37065.v2,Secondary,[10]
10.1177_0018720820970751,https://doi.org/10.4121/13077797,Primary,[15]
10.1186_s13039-022-00631-z,GSE67047,Secondary,[ 9 13]
10.1186_s13039-022-00631-z,GSE87048,Secondary,[ 9 13]
10.1186_s13071-018-2842-4,https://doi.org/10.17638/datacat.liverpool.ac.uk/417,Primary,[8]
10.1212_wnl.0000000000006035,https://doi.org/10.5061/dryad.tq61224,Primary,[2 3 4 5 6]
10.1242_bio.035071,https://doi.org/10.5061/dryad.dk5gt88,Primary,[6 7]
10.1242_dev.138545,https://doi.org/10.5061/dryad.fj0qj,Primary,[10 11]
10.1242_jeb.211466,https://doi.org/10.5061/dryad.gtht76hhb,Primary,[11]
10.12688_f1000research.10556.1,https://doi.org/10.5256/f1000research.10556.d148743,Primary,[3 5]
10.12688_f1000research.10556.1,https://doi.org/10.5256/f1000research.10556.d148744,Primary,[3 5]
10.12688_f1000research.11698.1,https://doi.org/10.5256/f1000research.11698.d163781,Primary,[6 7]
10.12688_f1000research.11698.1,https://doi.org/10.5256/f1000research.11698.d163782,Primary,[6 7]
10.12688_f1000research.11698.1,https://doi.org/10.5256/f1000research.11698.d163783,Primary,[6 7]
10.12688_f1000research.11698.1,https://doi.org/10.5256/f1000research.11698.d163784,Primary,[6 7]
10.12688_f1000research.11698.1,https://doi.org/10.5256/f1000research.11698.d163786,Primary,[6 8]
10.12688_f1000research.11698.1,https://doi.org/10.5256/f1000research.11698.d163788,Primary,[7 8]
10.12688_f1000research.11698.1,https://doi.org/10.5256/f1000research.11698.d163789,Primary,[7 8]
10.12688_f1000research.11698.1,https://doi.org/10.5256/f1000research.11698.d163790,Primary,[7 9]
10.12688_f1000research.13064.1,https://doi.org/10.5256/f1000research.13064.d183806,Primary,[5 7]
10.12688_f1000research.13483.1,https://doi.org/10.5256/f1000research.13483.d188591,Primary,[5 6]
10.12688_f1000research.13622.1,https://doi.org/10.5256/f1000research.13622.d194233,Primary,[5]
10.12688_f1000research.13622.1,https://doi.org/10.5256/f1000research.13622.d194234,Primary,[4 5]
10.12688_f1000research.13622.1,https://doi.org/10.5256/f1000research.13622.d194235,Primary,[4 5]
10.12688_f1000research.13622.1,https://doi.org/10.5256/f1000research.13622.d194236,Primary,[4 5]
10.12688_f1000research.13852.1,https://doi.org/10.5256/f1000research.13852.d195529,Primary,[7]
10.12688_f1000research.4660.1,https://doi.org/10.5256/f1000research.4660.d34165,Primary,[ 9 11]
10.1364_oe.25.001985,https://doi.org/10.15125/bath-00325,Primary,[1]
10.1371_journal.pcbi.1011828,E-PROT-100,Secondary,[4]
10.1371_journal.pcbi.1011828,E-PROT-101,Secondary,[4]
10.1371_journal.pcbi.1011828,E-PROT-102,Secondary,[4]
10.1371_journal.pcbi.1011828,E-PROT-103,Secondary,[4]
10.1371_journal.pcbi.1011828,E-PROT-104,Secondary,[4]
10.1371_journal.pcbi.1011828,E-PROT-105,Secondary,[4]
10.1371_journal.pcbi.1011828,E-PROT-106,Secondary,[4]
10.1371_journal.pcbi.1011828,E-PROT-107,Secondary,[4]
10.1371_journal.pcbi.1011828,E-PROT-108,Secondary,[4]
10.1371_journal.pcbi.1011828,E-PROT-109,Secondary,[4]
10.1371_journal.pcbi.1011828,E-PROT-110,Secondary,[4]
10.1371_journal.pcbi.1011828,E-PROT-23,Secondary,[4]
10.1371_journal.pcbi.1011828,PXD001676,Secondary,[4 6]
10.1371_journal.pcbi.1011828,PXD002137,Secondary,[4]
10.1371_journal.pcbi.1011828,PXD005693,Secondary,[ 4  6 13]
10.1371_journal.pcbi.1011828,PXD005709,Secondary,[4 6]
10.1371_journal.pcbi.1011828,PXD010458,Secondary,[ 4 19]
10.1371_journal.pcbi.1011828,PXD014511,Secondary,[4]
10.1371_journal.pcbi.1011828,PXD019504,Secondary,[4]
10.1371_journal.pcbi.1011828,PXD020454,Secondary,[4 6]
10.1371_journal.pcbi.1011828,PXD031556,Secondary,[4]
10.1371_journal.pcbi.1011828,PXD032899,Secondary,[4]
10.1371_journal.pntd.0005385,https://doi.org/10.5061/dryad.72v34,Primary,[1 7]
10.1371_journal.pone.0070749,https://doi.org/10.5061/dryad.5q1sb,Primary,[11]
10.1371_journal.pone.0117675,https://doi.org/10.5061/dryad.7pd40,Primary,[1]
10.1371_journal.pone.0137181,https://doi.org/10.5061/dryad.m4r46,Primary,[1]
10.1371_journal.pone.0139215,https://doi.org/10.5061/dryad.27m63,Primary,[1 6]
10.1371_journal.pone.0146274,https://doi.org/10.5061/dryad.kh186,Primary,[1 4]
10.1371_journal.pone.0159387,CP013147,Secondary,[1 4]
10.1371_journal.pone.0159387,PRJNA10687,Secondary,[3]
10.1371_journal.pone.0159387,PRJNA16146,Secondary,[3]
10.1371_journal.pone.0159387,PRJNA16148,Secondary,[3]
10.1371_journal.pone.0159387,PRJNA167229,Secondary,[3 7]
10.1371_journal.pone.0159387,PRJNA167235,Secondary,[3]
10.1371_journal.pone.0159387,PRJNA167242,Secondary,[3 7]
10.1371_journal.pone.0159387,PRJNA167243,Secondary,[3]
10.1371_journal.pone.0159387,PRJNA167255,Secondary,[3]
10.1371_journal.pone.0159387,PRJNA167259,Secondary,[3]
10.1371_journal.pone.0159387,PRJNA185511,Secondary,[3]
10.1371_journal.pone.0159387,PRJNA20133,Secondary,[3]
10.1371_journal.pone.0159387,PRJNA217894,Secondary,[3]
10.1371_journal.pone.0159387,PRJNA287300,Secondary,[3]
10.1371_journal.pone.0159387,PRJNA293,Secondary,[3]
10.1371_journal.pone.0159387,PRJNA296687,Secondary,[1 4]
10.1371_journal.pone.0159387,PRJNA32553,Secondary,[3]
10.1371_journal.pone.0159387,PRJNA47139,Secondary,[3]
10.1371_journal.pone.0159387,PRJNA65041,Secondary,[3]
10.1371_journal.pone.0159387,PRJNA65043,Secondary,[3]
10.1371_journal.pone.0159387,PRJNA74039,Secondary,[3]
10.1371_journal.pone.0159387,PRJNA74077,Secondary,[3 7]
10.1371_journal.pone.0159387,PRJNA74079,Secondary,[3]
10.1371_journal.pone.0159387,PRJNA74089,Secondary,[3]
10.1371_journal.pone.0159387,PRJNA74123,Secondary,[3]
10.1371_journal.pone.0159387,PRJNA74167,Secondary,[3]
10.1371_journal.pone.0159387,SRX1830060,Secondary,[1 3]
10.1371_journal.pone.0188323,https://doi.org/10.13020/d6wx0s,Primary,[1]
10.1371_journal.pone.0198382,https://doi.org/10.5066/f72j69rm,Secondary,[ 1 14]
10.1371_journal.pone.0200041,https://doi.org/10.5061/dryad.f8c5r7q,Primary,[1]
10.1371_journal.pone.0212669,E-GEOD-19722,Secondary,[1 3]
10.1371_journal.pone.0212669,E-GEOD-28654,Secondary,[1 3]
10.1371_journal.pone.0212669,E-GEOD-29623,Secondary,[1 3]
10.1371_journal.pone.0212669,E-GEOD-39084,Secondary,[1 3]
10.1371_journal.pone.0212669,E-GEOD-45216,Secondary,[1 3]
10.1371_journal.pone.0212669,E-GEOD-45670,Secondary,[1 3]
10.1371_journal.pone.0212669,E-GEOD-46474,Secondary,[1 3]
10.1371_journal.pone.0212669,E-GEOD-48278,Secondary,[1 3]
10.1371_journal.pone.0212669,E-GEOD-48350,Secondary,[1 3]
10.1371_journal.pone.0212669,E-GEOD-48780,Secondary,[1 3]
10.1371_journal.pone.0212669,E-GEOD-49243,Secondary,[1 3]
10.1371_journal.pone.0212669,E-GEOD-50774,Secondary,[1 3]
10.1371_journal.pone.0212669,E-GEOD-53224,Secondary,[1 3]
10.1371_journal.pone.0212669,E-GEOD-53890,Secondary,[1 3]
10.1371_journal.pone.0212669,E-GEOD-54543,Secondary,[1 3]
10.1371_journal.pone.0212669,E-GEOD-54837,Secondary,[1 3]
10.1371_journal.pone.0212669,E-GEOD-58697,Secondary,[1 3]
10.1371_journal.pone.0212669,E-GEOD-59312,Secondary,[1 3]
10.1371_journal.pone.0212669,E-GEOD-60028,Secondary,[3]
10.1371_journal.pone.0212669,E-GEOD-61804,Secondary,[2 3]
10.1371_journal.pone.0212669,E-GEOD-63626,Secondary,[2 3]
10.1371_journal.pone.0212669,E-GEOD-64415,Secondary,[2 3]
10.1371_journal.pone.0212669,E-GEOD-64857,Secondary,[2 3]
10.1371_journal.pone.0212669,E-GEOD-67851,Secondary,[2 3]
10.1371_journal.pone.0212669,E-GEOD-68720,Secondary,[2 3]
10.1371_journal.pone.0220399,https://doi.org/10.5061/dryad.8t3g361,Primary,[1]
10.1371_journal.pone.0253228,https://doi.org/10.5061/dryad.j0zpc86f2,Primary,[1]
10.1371_journal.pone.0262974,2nrj,Secondary,[15]
10.1371_journal.pone.0262974,4k1p,Secondary,[15]
10.1371_journal.pone.0262974,7nmq,Secondary,[15]
10.1371_journal.pone.0284951,https://doi.org/10.13012/b2idb-5784165_v1,Primary,[1]
10.14358_pers.22-00039r2,https://doi.org/10.5066/p98lo5d4,Primary,[12]
10.14379_iodp.proc.390393.208.2024,https://doi.org/10.1594/pangaea.964943,Primary,[5]
10.14379_iodp.proc.390393.208.2024,https://doi.org/10.1594/pangaea.965000,Primary,[5]
10.1534_g3.119.400401,https://doi.org/10.25387/g3.9478253,Primary,[1 5]
10.1534_g3.119.400993,https://doi.org/10.25387/g3.9626636,Primary,[1 5]
10.1534_genetics.120.303190,https://doi.org/10.25386/genetics.12136941,Primary,[1 4]
10.1617_s11527-023-02260-3,https://doi.org/10.5518/1438,Primary,[18]
10.17581_bp.2020.09104,https://doi.org/10.15468/dl.elq8xm,Primary,[6]
10.17581_bp.2020.09104,https://doi.org/10.15468/dl.ze0mrg,Primary,[6]
10.18438_eblip29674,https://doi.org/10.6078/d1k419,Primary,[ 1 20]
10.20944_preprints202009.0353.v1,https://doi.org/10.15468/dl.jx7wck,Primary,[15]
10.21105_joss.04237,https://doi.org/10.15485/1843541,Secondary,[7]
10.21105_joss.04237,https://doi.org/10.5067/modis/mod13a2.006,Secondary,[6]
10.21105_joss.04237,https://doi.org/10.5067/zx7yx2y2lheb,Secondary,[7]
10.21203_rs.3.rs-2814013_v1,https://doi.org/10.15468/dl.qv53hc,Primary,[3]
10.21203_rs.3.rs-3338732_v1,https://doi.org/10.25422/azu.data.19680372,Primary,[18]
10.21203_rs.3.rs-3338732_v1,https://doi.org/10.5066/p9vqpe9w,Primary,[19]
10.3133_cir1497,https://doi.org/10.5066/f72z13n1,Secondary,[43]
10.3133_cir1497,https://doi.org/10.5066/f77d2s7b,Secondary,[50]
10.3133_cir1497,https://doi.org/10.5066/f7930sg7,Secondary,[59]
10.3133_cir1497,https://doi.org/10.5066/f7h993cz,Secondary,[59]
10.3133_cir1497,https://doi.org/10.5066/f7nc5zfm,Secondary,[50]
10.3133_cir1497,https://doi.org/10.5066/f7tt4q4b,Secondary,[35]
10.3133_cir1497,https://doi.org/10.5066/f7wq01t3,Secondary,[61]
10.3133_cir1497,https://doi.org/10.5066/p92bghw1,Secondary,[71]
10.3133_cir1497,https://doi.org/10.5066/p99onunm,Secondary,[32]
10.3133_cir1497,https://doi.org/10.5066/p9eucgjq,Secondary,[34]
10.3133_cir1497,https://doi.org/10.5066/p9fz4ojw,Secondary,[63]
10.3133_cir1497,https://doi.org/10.5066/p9gcdyt2,Secondary,[35]
10.3133_cir1497,https://doi.org/10.5066/p9h1s1pv,Secondary,[43]
10.3133_cir1497,https://doi.org/10.5066/p9hdxe32,Secondary,[74]
10.3133_cir1497,https://doi.org/10.5066/p9s5pvon,Secondary,[33]
10.3133_cir1497,https://doi.org/10.5066/p9vysweh,Secondary,[73]
10.3133_cir1497,https://doi.org/10.5066/p9xvjdnp,Secondary,[34]
10.3133_cir1497,https://doi.org/10.5066/p9z04lnk,Secondary,[34]
10.3133_fs20233046,https://doi.org/10.5066/p9ys1x7p,Primary,[4]
10.3133_ofr20201035,https://doi.org/10.5066/p9zudioh,Primary,[ 4 37]
10.3133_ofr20231026,https://doi.org/10.5066/f7dz0771,Secondary,[38]
10.3133_ofr20231026,https://doi.org/10.5066/p918e2p3,Secondary,[40]
10.3133_ofr20231026,https://doi.org/10.5066/p9irl3gv,Secondary,[39]
10.3133_ofr20231026,https://doi.org/10.5066/p9kehy2s,Primary,[ 4 41]
10.3133_ofr20231027,https://doi.org/10.5066/p9ooiq0e,Primary,[1]
10.3389_fcell.2020.618552,https://doi.org/10.5281/zenodo.4311473,Primary,[16]
10.3389_fcimb.2024.1292467,EPI_ISL_10271777,Secondary,[10 13]
10.3389_fcimb.2024.1292467,EPI_ISL_13295050,Secondary,[10 13]
10.3389_fcimb.2024.1292467,EPI_ISL_1626969,Secondary,[10 13]
10.3389_fcimb.2024.1292467,EPI_ISL_17371329,Secondary,[10 13]
10.3389_fcimb.2024.1292467,EPI_ISL_2340570,Secondary,[10 13]
10.3389_fcimb.2024.1292467,EPI_ISL_2340575,Secondary,[10 13]
10.3389_fcimb.2024.1292467,EPI_ISL_2340581,Secondary,[10 13]
10.3389_fcimb.2024.1292467,EPI_ISL_2340614,Secondary,[10 13]
10.3389_fcimb.2024.1292467,EPI_ISL_2340615,Secondary,[10 13]
10.3389_fcimb.2024.1292467,EPI_ISL_2340626,Secondary,[10 13]
10.3389_fcimb.2024.1292467,EPI_ISL_2340662,Secondary,[10 13]
10.3389_fcimb.2024.1292467,EPI_ISL_2365356,Secondary,[10 13]
10.3389_fcimb.2024.1292467,EPI_ISL_2402571,Secondary,[10 13]
10.3389_feart.2023.1205211,https://doi.org/10.5066/p9j10nh5,Primary,[15]
10.3389_fmicb.2024.1456637,NC_017643.1,Secondary,[11]
10.3389_fmicb.2024.1456637,SAMN07159041,Secondary,[6]
10.3389_fmicb.2024.1456637,SAMN07159044,Secondary,[6]
10.3389_fmicb.2024.1456637,SAMN07159045,Secondary,[6]
10.3389_fmicb.2024.1456637,SAMN08172567,Secondary,[6]
10.3389_fmicb.2024.1456637,SAMN08199278,Secondary,[6]
10.3389_fmicb.2024.1456637,SAMN09534374,Secondary,[6]
10.3389_fmicb.2024.1456637,SAMN12620691,Secondary,[6]
10.3389_fmicb.2024.1456637,SAMN12620692,Secondary,[6]
10.3389_fmicb.2024.1456637,SAMN12620693,Secondary,[6]
10.3389_fmicb.2024.1456637,SAMN12620694,Secondary,[6]
10.3389_fmicb.2024.1456637,SAMN12620697,Secondary,[6]
10.3389_fmicb.2024.1456637,SAMN12620700,Secondary,[6]
10.3389_fmicb.2024.1456637,SAMN12620701,Secondary,[6]
10.3389_fmicb.2024.1456637,SAMN12620702,Secondary,[6]
10.3389_fmicb.2024.1456637,SAMN12620703,Secondary,[6]
10.3389_fmicb.2024.1456637,SAMN12620704,Secondary,[6]
10.3389_fmicb.2024.1456637,SAMN17525956,Secondary,[11]
10.3389_fpls.2023.1160645,https://doi.org/10.4121/21864590,Primary,[10]
10.3390_d13010019,https://doi.org/10.6073/pasta/eeb59ddf840c51b93c4bc7b765d4d59f,Primary,[12]
10.3390_microorganisms8121872,CHEMBL1568820,Secondary,[12]
10.3390_microorganisms8121872,CHEMBL1652119,Secondary,[12]
10.3390_microorganisms8121872,CHEMBL198796,Secondary,[12]
10.3390_microorganisms8121872,CHEMBL243644,Secondary,[12]
10.3390_microorganisms8121872,CHEMBL2436978,Secondary,[12]
10.3390_microorganisms8121872,CHEMBL3109593,Secondary,[12]
10.3390_microorganisms8121872,CHEMBL3311228,Secondary,[12]
10.3390_microorganisms8121872,CHEMBL3752642,Secondary,[12]
10.3390_microorganisms8121872,CHEMBL3960662,Secondary,[12]
10.3390_microorganisms8121872,CHEMBL402487,Secondary,[12]
10.3390_microorganisms8121872,CHEMBL403,Secondary,[12]
10.3390_microorganisms8121872,CHEMBL4065616,Secondary,[12]
10.3390_microorganisms8121872,CHEMBL408500,Secondary,[12]
10.3390_microorganisms8121872,CHEMBL561,Secondary,[12]
10.3390_microorganisms8121872,CHEMBL64391,Secondary,[12]
10.3390_microorganisms8121872,CHEMBL76,Secondary,[12]
10.3390_rs12121957,https://doi.org/10.1594/pangaea.917588,Secondary,[ 1 14]
10.3390_rs4102923,https://doi.org/10.1594/pangaea.775959,Secondary,[19]
10.3390_rs4102923,https://doi.org/10.1594/pangaea.779748,Secondary,[20]
10.3390_rs4102923,https://doi.org/10.1594/pangaea.780464,Secondary,[20]
10.3390_s23094491,https://doi.org/10.5281/zenodo.7871636,Primary,[16 18]
10.3390_s23177333,https://doi.org/10.5281/zenodo.8090619,Secondary,[18]
10.3390_v11060565,D10700,Secondary,[3 4]
10.3390_v11060565,EPI1018205,Secondary,[3]
10.3390_v11060565,EPI1018206,Secondary,[3]
10.3390_v11060565,EPI1018207,Secondary,[4]
10.3390_v11060565,EPI1018208,Secondary,[4]
10.3390_v11060565,EPI1018210,Secondary,[4]
10.3390_v11060565,EPI1018211,Secondary,[4]
10.3390_v11060565,EPI1019551,Secondary,[4]
10.3390_v11060565,EPI1019552,Secondary,[4]
10.3390_v11060565,EPI1019553,Secondary,[4]
10.3390_v11060565,EPI1019554,Secondary,[3]
10.3390_v11060565,EPI1019555,Secondary,[3]
10.3390_v11060565,EPI1019556,Secondary,[3]
10.3390_v11060565,EPI1019558,Secondary,[4]
10.3390_v11060565,EPI1104284,Secondary,[4]
10.3390_v11060565,EPI1104285,Secondary,[4]
10.3390_v11060565,EPI1104286,Secondary,[4]
10.3390_v11060565,EPI1104288,Secondary,[3]
10.3390_v11060565,EPI1183999,Secondary,[4]
10.3390_v11060565,EPI1184004,Secondary,[3]
10.3390_v11060565,EPI1184005,Secondary,[3]
10.3390_v11060565,EPI1184014,Secondary,[3]
10.3390_v11060565,EPI1387245,Primary,[2 3]
10.3390_v11060565,EPI954552,Secondary,[4]
10.3390_v11060565,EPI954553,Secondary,[4]
10.3390_v11060565,EPI954554,Secondary,[4]
10.3390_v11060565,EPI954555,Secondary,[3]
10.3390_v11060565,EPI954556,Secondary,[3]
10.3390_v11060565,EPI954557,Secondary,[3]
10.3390_v11060565,EPI954559,Secondary,[4]
10.3390_v11060565,KX000727,Secondary,[4]
10.3390_v11060565,KX000734,Secondary,[4]
10.3897_jhr.96.111550,https://doi.org/10.15468/dl.4hgjbk,Primary,[28]
10.3897_jhr.96.111550,https://doi.org/10.15468/dl.x6cwjx,Primary,[28]
10.3897_neobiota.82.87455,https://doi.org/10.15468/dl.yjd4cg,Secondary,[24]
10.3897_neobiota.82.87455,https://doi.org/10.15468/dl.yu2xpv,Secondary,[23]
10.3897_zookeys.500.9360,https://doi.org/10.5061/dryad.dv44b,Primary,[9]
10.5194_acp-2021-570,https://doi.org/10.22033/esgf/cmip6.10843,Secondary,[16]
10.5194_acp-2021-570,https://doi.org/10.22033/esgf/cmip6.1621,Secondary,[18]
10.5194_acp-22-2769-2022,https://doi.org/10.5067/suborbital/oracles/p3/2016_v2,Secondary,[20 23]
10.5194_acp-22-2769-2022,https://doi.org/10.5067/suborbital/oracles/p3/2017_v2,Secondary,[20 23]
10.5194_acp-22-2769-2022,https://doi.org/10.5067/suborbital/oracles/p3/2018_v2,Secondary,[20 23]
10.5194_acp-22-5701-2022,https://doi.org/10.6096/aeroclo.1754,Secondary,[20 23]
10.5194_acp-22-5701-2022,https://doi.org/10.6096/aeroclo.1774,Primary,[20 21]
10.5194_acp-22-5701-2022,https://doi.org/10.6096/aeroclo.1777,Secondary,[20 23]
10.5194_amt-15-3969-2022,https://doi.org/10.5067/modis/myd06_l2.006,Secondary,[27 30]
10.5194_essd-12-1287-2020,https://doi.org/10.17882/59867,Primary,[1 6 8]
10.5194_essd-12-1287-2020,https://doi.org/10.17882/70340,Primary,[1 6 8]
10.5194_essd-2019-206,https://doi.org/10.18434/m32126,Primary,[ 1 16 17]
10.5194_essd-2023-187,https://doi.org/10.17882/53389,Primary,[ 3 17]
10.5194_essd-2023-187,https://doi.org/10.17882/55741,Secondary,[17]
10.5194_essd-2023-198,https://doi.org/10.17882/94031,Primary,[14 20]
10.5194_essd-2023-198,https://doi.org/10.17882/94032,Primary,[14 20]
10.5194_essd-2023-198,https://doi.org/10.17882/94146,Primary,[14 20]
10.5194_essd-2023-198,https://doi.org/10.17882/94147,Primary,[14 20]
10.5194_essd-8-663-2016,https://doi.org/10.1594/pangaea.845258,Primary,[ 1  6 12]
10.5194_gmd-12-4221-2019,https://doi.org/10.6075/j0k35s05,Primary,[16 24]
10.5194_gmd-13-335-2020,https://doi.org/10.6073/pasta/fed17d67583eda16c439216ca40b0669,Primary,[23]
10.5194_se-13-1541-2022,https://doi.org/10.1594/pangaea.938422,Primary,[23 26]
10.5194_tc-17-3617-2023,https://doi.org/10.24381/cds.32b04ec5,Secondary,[40 41]
10.5194_tc-17-3617-2023,https://doi.org/10.24381/cds.6a6d1bc3,Secondary,[40 41]
10.5194_tc-17-3617-2023,https://doi.org/10.5067/modis/mod10a1f.061,Secondary,[40 42]
10.5937_bnhmb1811227u,https://doi.org/10.15468/dl.i71k4s,Secondary,[15]
10.5937_bnhmb1811227u,https://doi.org/10.15468/dl.ize4xx,Secondary,[14]
10.7554_eLife.63194,PF00078,Secondary,[26]
10.7554_eLife.63194,PF02170,Secondary,[27]
10.7554_eLife.63194,PF02171,Secondary,[27]
10.7554_eLife.63194,PF03368,Secondary,[27]
10.7554_eLife.63194,PF05183,Secondary,[27]
10.7554_eLife.72626,CHEMBL3347550,Primary,[35]
10.7554_eLife.72626,CHEMBL3347551,Primary,[35]
10.7554_eLife.72626,CHEMBL3733336,Primary,[35]
10.7554_eLife.72626,MODEL2106070001,Primary,[15]
10.7554_elife.29944,https://doi.org/10.5061/dryad.8153g,Primary,[16]
10.7554_elife.42722,https://doi.org/10.5061/dryad.d0779mb,Primary,[23 26]
10.7554_elife.62329,https://doi.org/10.5061/dryad.12jm63xwd,Primary,[38]
10.7554_elife.73695,https://doi.org/10.5061/dryad.6h5b7,Primary,[17]
10.7554_elife.73695,https://doi.org/10.5061/dryad.p5hqbzkqf,Primary,[17]
10.7717_peerj.10452,PRJNA664798,Secondary,[ 4 14 16]
10.7717_peerj.10452,SAMN16233641,Primary,[14]
10.7717_peerj.10452,SAMN16233642,Primary,[14]
10.7717_peerj.10452,SAMN16233643,Primary,[14]
10.7717_peerj.10452,SAMN16233644,Primary,[14]
10.7717_peerj.10452,SAMN16233645,Primary,[14]
10.7717_peerj.10452,SAMN16233646,Primary,[14]
10.7717_peerj.10452,SAMN16233647,Primary,[14]
10.7717_peerj.10452,SAMN16233648,Primary,[14]
10.7717_peerj.10452,SAMN16233649,Primary,[14]
10.7717_peerj.10452,SAMN16233650,Primary,[14]
10.7717_peerj.10452,SAMN16233651,Primary,[14]
10.7717_peerj.10452,SAMN16233652,Primary,[14]
10.7717_peerj.10452,SAMN16233653,Primary,[14]
10.7717_peerj.10452,SAMN16233654,Primary,[14]
10.7717_peerj.10452,SAMN16233655,Primary,[14]
10.7717_peerj.10452,SAMN16233656,Primary,[14]
10.7717_peerj.10452,SAMN16233657,Primary,[14]
10.7717_peerj.10452,SAMN16233658,Primary,[14]
10.7717_peerj.10452,SAMN16233659,Primary,[14]
10.7717_peerj.10452,SAMN16233660,Primary,[14]
10.7717_peerj.10452,SAMN16233661,Primary,[14]
10.7717_peerj.10452,SAMN16233662,Primary,[14]
10.7717_peerj.10452,SAMN16233663,Primary,[14]
10.7717_peerj.10452,SAMN16233664,Primary,[14]
10.7717_peerj.11352,https://doi.org/10.7291/d11m38,Primary,[11]
10.7717_peerj.12422,https://doi.org/10.15468/dl.czyyq2,Secondary,[17]
10.7717_peerj.12422,https://doi.org/10.15468/dl.j4fe7k,Secondary,[17]
10.7717_peerj.12422,https://doi.org/10.15468/dl.k6jv69,Secondary,[17]
10.7717_peerj.12422,https://doi.org/10.15468/dl.t3h8b4,Secondary,[17]
10.7717_peerj.12422,https://doi.org/10.15468/dl.yak5vd,Secondary,[ 5 17]
10.7717_peerj.13193,https://doi.org/10.6073/pasta/02e2764efb408a8b66b7f486eac14dc0,Secondary,[22]
10.7717_peerj.13193,https://doi.org/10.6073/pasta/275ad28a2f31356cf9c2648531a16a2b,Secondary,[19]
10.7717_peerj.13193,https://doi.org/10.6073/pasta/b23deb8e1ccf1c1413382bf911c6be19,Primary,[18 19]
